id,identifier,session_count,language,timezone,game_version,device_os,device_type,device_model,ad_id,tags,last_active,playtime,amount_spent,created_at,invalid_identifier,badge_count,lat,lon,rooted,ip,country,web_auth,web_p256
0d7f4342-4d09-4cfe-84a5-1ab4e2a6aeb7,,2,en,0,504,5.1,1,GI-I9500_TMMARS,,{},2018-04-12 19:17:40.090326,158,0.00,2018-04-12 19:14:05.497824,t,0,,,t,150.70.162.182,JP,,
0dcf466d-1486-4316-a001-66e29231d808,APA91bG2FTocdZHbsc58ywkzfK9u9Xufz_XnQZOVqBHAWk7mHIxwazgiESyI7E1uOy_24F1b9oXAz2dVG6rOQdZai203qhq72rxQ9g89c9cFd4ZNu8iirKweJVS-57jrYe8CNCZqsX_-,33,es,-18000,520,7.0,1,SM-G920I,f0a2c075-4fe8-4918-ad2a-a550c9895b3f,{},2018-09-17 18:15:36,23196,0.00,2018-05-04 16:27:52.881433,t,0,,,f,190.63.1.97,EC,,
04b9854b-09d1-4431-af85-b072e8d59cfa,fcae5def2299c8bc70335f2fb7189f2924e57f116aba14e2de8b07a4eab1ea57,4,en,-18000,0.1.8,10.3.3,0,"iPhone5,3",E8865D65-7DE8-4602-A24D-8944EDBC8BC9,{},2018-02-19 20:19:51.666854,364,0.00,2018-02-19 19:46:50.230416,f,0,,,f,190.234.105.2,PE,,
0d0e0179-1914-4c59-8ff3-0bf3577c23ad,88c03ad20798e9241cab439338a8c44e9e4b29ac390b23c3bec037e935d66560,17,es,-18000,0.4.1,11.4,0,"iPhone8,4",29693C63-5922-46A2-8DF1-4B3BF77B03CB,{},2018-06-19 23:51:14.666013,410,0.00,2018-02-23 00:35:45.815108,f,0,,,f,190.113.208.142,PE,,
08acbebe-84eb-4486-8fb0-711a8509335b,15ef7908b7699ae37b029d0de01c1f0dec65ed3c4ed461b88e1485e1c75f8c83,84,es,-18000,0.5.20,11.4,0,"iPhone7,2",8ACD6AA6-6877-40CA-BDD5-FC63BD2E9655,{},2018-07-30 23:14:50,10218,0.00,2018-02-19 21:52:33.27656,f,0,,,f,179.7.54.17,PE,,
071993f2-958a-46b2-8369-4318324e41a7,3df51408e1787f4d0e1740fe7b67a71db411c22d40ea1768db864980588b6229,5,en,-18000,0.1.8,10.3.3,0,"iPhone5,3",4E470E3A-70BB-4261-951C-BDED64953F49,{},2018-02-19 16:07:46.064237,414,0.00,2018-02-16 22:41:53.256312,t,0,,,f,190.234.105.2,PE,,
02f53692-5322-4fb2-9be1-4b051b07b5d7,5e30121495734a707740b3995bc7e25169156d1d769ff198bfda731ca9f33bec,7,es,-18000,0.5.23,11.3.1,0,"iPhone7,2",F3F3A1CF-9F88-439D-A865-2B567416285A,{},2018-11-07 19:38:05,527,0.00,2018-10-04 02:38:32.460682,f,0,,,f,190.239.87.205,PE,,
03d8614a-3927-4acd-81eb-3594dc13422d,,2,en,0,505,5.1,1,GI-I9500_TMMARS,,{},2018-04-14 00:50:49.941309,158,0.00,2018-04-14 00:47:14.045779,t,0,,,t,150.70.162.182,JP,,
0c91728c-6341-418d-82a3-1e327c19e10d,a3051fefc980527778b6f34506290ec2d84249b487502dd7e18d8d2031bd5024,404,es,-18000,0.5.23,11.2.2,0,"iPhone8,2",4582A932-C0B6-496D-86D1-5008BDC30665,{},2018-11-21 16:07:32,37814,0.00,2018-03-02 21:31:34.693068,f,0,,,f,161.132.113.218,PE,,
08d948d0-d8f9-408b-9019-25218fbd7950,APA91bFlnLfEv1lcE9vK2DCPnrjA5gbIzmUpAzW5g08Q7PDpiVNjxrjlq2OV_fZOQlNaSEeBDvqR4nl9ca7TwcBJXCNuhw0vkybP3x3RY91pueQmVSnb2j_UdduC6uHJKdUoBxJV4tBD,29,es,-18000,523,6.0,1,HUAWEI VNS-L23,aca2e74a-acff-4eb9-bfa6-3f49262a22fd,{},2018-11-18 21:46:22,1119,0.00,2018-02-23 22:24:56.276598,f,0,,,f,132.191.2.126,PE,,
00c75c81-5375-4158-bab2-5192fb13be34,APA91bGjrg96tC6ejBYWvZYygep4eXnY4nOqgLk0-6Z0T_5GktviUReY4Jz2QgQfO5L9JRMZe8NRIXuG5iMne0vptpxF-plT5mlN2GIMfaiQBw7pjKQz7NBmDBrhQw_rdIG0TFq7EwmW,40,es,-18000,520,7.0,1,F3113,6ec0fdda-aa24-4a55-8613-4cc948689ab6,{},2018-07-26 15:48:01.885571,41210,0.00,2018-02-20 22:59:57.762723,t,0,,,f,186.4.227.78,EC,,
0c92740a-ec67-43a0-b5d3-f2d5ab43aa03,APA91bFNdgnnIy0tkwSxdm0rAMBDFqW5_sClRocDn3Zy9tUPYw-d57AfPjewf0a8ihnV_4lp_fHOk-cofwjRSWUbzgpgVDyrRLtng5Xv9znmymcCqUDGQ3ArRaudinHY2w8_95RylLlH,45,es,-18000,503,5.1.1,1,MotoG3,9eb09a3f-9b98-47be-becf-8e8e6da00803,{},2018-09-29 02:06:18,3712,0.00,2018-04-03 16:46:28.428537,f,0,,,f,200.106.85.80,PE,,
08941f52-ca5f-484b-b3be-ff98a91f7383,24724256300736487dd44aef286af85bd499c1bb0ca318bc50cd9d77490d3df8,14,es,-18000,0.5.23,11.4.1,0,"iPhone10,6",2CBF0082-ECA9-405C-8F51-4EB4391668F8,{},2018-11-20 22:28:03,582,0.00,2018-11-14 16:27:44.316176,f,0,,,f,132.191.1.81,PE,,
0cbd112a-fa03-412f-9bd7-7f09b56973d4,9ad4f8b9ea9c4a6b4aba80c2b39fd6242e08c161b012c124bd1d14cdb073bf1e,38,es,-18000,0.5.9,12.0,0,"iPhone7,2",4BBA8CB1-6202-4140-BD36-2A6E75CDF84D,{},2018-10-08 19:52:30,2981,0.00,2018-04-12 15:27:19.406072,f,0,,,f,200.85.80.11,EC,,
0a6f14f5-e647-40e9-8692-8ea24ac4343f,ec0020755bf63209f5ea77e4d21c23ae2be99640cae6b6fb12a9b55b4a201296,233,es,-18000,0.5.22,12.1,0,"iPhone7,2",D658BDE3-30DF-4FFD-9548-55F44B075882,{},2018-11-21 01:49:40,19477,0.00,2018-02-20 23:16:38.85334,f,0,,,f,2800:200:e6c0:36a:c5e9:2134:93f3:65bb,PE,,
03c148b2-ce16-4355-83b1-aa6fb51f3dfc,cfe6ba185d7daf3aafb01f24fca6bd2843160a7c500f871a40b75efa767d2da6,15,es,-18000,0.5.23,12.1,0,"iPhone7,2",093DFBA5-73C7-4842-9223-504212276787,{},2018-11-15 23:39:08,1775,0.00,2018-11-09 21:30:44.559445,t,0,,,f,181.188.200.67,EC,,
1599bcce-1426-408c-98ec-cb002d8dbdfa,APA91bG0FqaOkKXlqPr0BV9e4F1zc20s85DKcm3MNrxHVR8jghGYeg4_QMXro-0ObJQMqgHfMDIZf7LWJRgM6PvhabswR6wNU_IljYodEbBicbjof1mV1HsWzK9Xf84OBPfIw9tOpe_v,108,es,-18000,523,8.0.0,1,VTR-L09,16a2da78-70aa-4916-8c05-72f362642bcf,{},2018-11-13 14:41:55,8941,0.00,2018-03-05 15:56:25.393133,f,0,,,f,179.7.48.195,PE,,
15700108-acec-4070-a88e-9792f89df855,15b02d59704608693a9c00078df26e66d5240534b8280be376e3824467afbf6a,59,en,-18000,0.3.9,11.4.1,0,"iPhone8,1",3EA8D0F1-2203-4586-AFF0-1D9E14B17319,{},2018-11-07 16:38:20,3531,0.00,2018-04-04 16:00:15.192199,f,0,,,f,179.7.50.254,PE,,
15cdf8f8-5600-4688-96df-4c3bd40d60a9,5ada29055a3a178b0fbabea1b59c3828e56488bf159b090a0eef3e05d745001c,17,es,-18000,0.3.9,11.2.2,0,"iPhone9,4",1DCBDB20-FFB0-4284-8822-59F2EF1F4610,{},2018-02-22 22:16:32.244193,1676,0.00,2018-02-19 22:01:40.146617,f,0,,,f,132.191.2.106,PE,,
13a8b64d-55c0-4f8e-b5ae-456a1c57d675,,3,es,-18000,503,7.0,1,SM-G930F,d5b0b18f-fe68-4f14-929e-64dbcab742fb,{},2018-04-08 01:20:16.159542,0,0.00,2018-02-27 09:44:06.940363,t,0,,,f,200.7.247.62,EC,,
1f56ee8c-3f21-4397-91ab-567a21820573,APA91bHV3Qvit16CmxW4J8SV44hXslRS_j8_zittJkBAMHbU5P9DsDMO-GilpOj8vY9r_5Ofb50I9Vxl4IykUzuc-vZVbNM44NMvYZK5IlN5ywKWRL63w4Iekrg7QybP1j8gyhooqd8f,38,es,-18000,523,8.0.0,1,FLA-LX3,c2be95ee-fbf8-41d2-9e12-9a543f8b0d68,{},2018-11-14 01:06:55,2353,0.00,2018-08-02 17:21:16.500281,f,0,,,f,2800:bf0:a0:12c4:6da5:4e9d:398f:843,EC,,
12fbd69d-9375-4dad-9c2c-829fa5d501bb,APA91bG9mI40eFhStsA0clLef2_CX8u54kdCc2NAoV3od7eEcRoLd83YNTTWGUWK3OEm1nGj_FPJttK_dLmRxf3fEIvBw0zQOcjCotA5J8S96jb2Cnz387ni0X6SQoXwJAwzrCvTUGLY,82,es,-18000,523,7.0,1,Moto G (4),9888f300-e4c9-461d-97ef-63eb0c98717b,{},2018-10-31 16:47:15,28634,0.00,2018-03-06 16:14:54.064856,f,0,,,f,132.251.0.155,PE,,
24684b80-dd1d-4b81-8fca-2f5c459fef85,4e21cfeaac827cbc4b0286721bb3e90eaeb4693ab4d4297d07d3d09cd632e122,26,es,-18000,0.5.23,12.1,0,"iPhone7,2",9BB6D059-BADF-4363-8677-C8B6468CF19D,{},2018-11-20 22:54:28,1948,0.00,2018-09-14 19:38:59.273216,f,0,,,f,200.85.80.77,EC,,
26c54c05-7cf5-4e15-99d5-bb6ad65b5c5b,APA91bGjaxCLDTUHGm6nlL9p97WpAT6fJWJegX4BQa31EMhtP3Fu2NEzpZUTsJ2mNrow0rJGV3wH9BO9NnWOkSD_B5rbB8SVgrruQ2SaE5-rPJXE0IQeKnl1uTnh6eYo4hLIZjUZBZuy,40,es,-18000,523,8.0.0,1,SM-G950U1,212ed87c-5198-4e17-bfa1-0e6cad51ede3,{},2018-10-31 17:50:11,1092,0.00,2018-07-10 14:38:10.172024,f,0,,,f,186.4.255.4,EC,,
2137dd0b-772e-4dee-921c-e7a6500caac3,,26,es,-18000,520,6.0.1,1,SM-A510M,c1c2ae13-dc03-44b8-869a-5ba88cd51402,{},2018-06-27 14:26:35.93542,19878,0.00,2018-02-22 13:08:31.742578,t,0,,,f,181.188.201.4,EC,,
23aba3ab-b9b2-4d3e-9f07-ff78c3bba135,ee9c82d18a5299b82785dd52589d343cc9f79d93ba8d2a5956b3936b0b305a26,34,es,-18000,0.5.19,12.0.1,0,"iPhone7,2",BCAA0943-06D4-47BC-BF87-144A2DF31577,{},2018-11-14 11:09:58,2976,0.00,2018-02-27 20:52:39.817862,f,0,,,f,179.49.52.249,EC,,
223ebac9-0fea-4582-afea-f9edb9007840,APA91bGBUYwfBIB51Yj1_VhvxPfBlWQ7ga6N62CI4-KS1llHYMd3R_htVGT1smlQE2Y0nYWUHCluq3LWpIp25QfHsyZkfnmz4mdWuVQfg4UO7UHGQc-aEaE84QG25bstfz0bVlzvgo0d,43,es,-18000,520,8.0.0,1,SM-G930U,246d4590-8952-4802-b51b-c4a3213e723b,{},2018-08-08 15:39:38,30736,0.00,2018-05-07 19:47:00.915055,t,0,,,f,190.63.119.49,EC,,
263f3da5-af84-4272-a957-1f1d2ee33a85,APA91bHv7wEUk-2f31Gpqh5RdKwDhuGaBeg9SkPU-pb3XUY728-3BdSdZpaoWccG8tDzZJfUShZsKji4SwoeffoHSb5KxmH7S4bEkoirhTtzw8JCXJK1-mPB3SrH_oMdQe7u37BAp25E,3,es,-21600,523,6.0.1,1,SM-G925V,c8f70125-f3ca-41b8-a551-4cfafd983818,{},2018-09-24 17:37:59,78,0.00,2018-09-24 17:35:08.345531,t,0,,,f,200.92.153.73,MX,,
235f0265-acfb-43f5-b842-9bc9e204347f,19587b44463fb8004e2328efb49f400432198129d75affdd83976e7614838f91,29,es,-18000,0.5.20,12.0,0,"iPhone7,2",E3478DDB-8205-465D-9651-3C16E8957B3D,{},2018-10-12 21:27:13,2595,0.00,2018-07-04 17:40:49.247603,t,0,,,f,132.191.2.165,PE,,
26eb5186-648d-4fae-b100-282c1561e476,de4ee24045fa32fbac9a41c51febee70c7f1d4a8af47ae62ce14f2d0c54f20c8,2,es,-18000,0.5.23,12.0.1,0,"iPad6,11",2058D399-09C8-45D8-975A-7AAB4B8EEAAA,{},2018-11-09 17:17:32,107,0.00,2018-11-09 17:14:46.153302,f,0,,,f,181.112.142.166,EC,,
30f208fe-90e8-438c-a4df-cb076bf13c1d,,8,es,-18000,513,6.0.1,1,SM-J510MN,c3887767-7093-496d-9940-5f356ec1819e,{},2018-05-16 23:33:05.335823,1420,0.00,2018-05-04 12:50:59.256388,t,0,,,f,132.251.3.255,PE,,
3900ddb5-8b84-46af-b99a-3847ef42f32f,,7,es,-18000,519,7.0,1,RNE-L03,ae4eab92-0f81-4d55-89ea-e55d933cb3c3,{},2018-06-22 07:09:18.268499,2181,0.00,2018-03-21 18:46:49.313389,t,0,,,f,181.66.136.151,PE,,
36320800-c23f-4fa3-a870-a09a09e6f32a,APA91bHZtX0of2IdlgjkneEHnAcU-xU9Y4SGgwhyAzUigtyscYaIViYjW7mpcEWdQaaXJHJx8QQdNp2wlNysEEOaVh2ntR-4DoIztIUSiqN1PlKkf0LtxxBECnMfOI57saKPvomR_LLk,38,es,-18000,519,6.0.1,1,XT1563,1df9d023-e13b-42cf-bb72-f9bd74f96c11,{},2018-07-08 20:45:37.786094,32753,0.00,2018-02-21 16:15:35.542684,f,0,,,f,181.66.202.246,PE,,
330c7288-b17c-45f4-8b24-2fa185dec780,,1,en,-18000,501,4.3,1,AOSP on ARM Emulator,,{},2018-03-06 16:07:46.153977,0,0.00,2018-03-06 16:07:46.142955,t,0,,,t,54.151.102.209,US,,
3312a3c3-a1b0-48a2-87da-167a52fb0e3e,,2,en,0,510,5.1,1,GI-I9500_TMMARS,,{},2018-04-25 12:04:18.404988,159,0.00,2018-04-25 12:00:45.684819,t,0,,,t,150.70.162.182,JP,,
343bc328-9067-42d9-9122-8bea93611585,APA91bFSX0FDPzil8z6x81pFvhUAfVZFSm_yEerTm2vcuUCEI32fFRnMg565IKyy2El4eEcGP19N-mtyxqGYbZWzzY5f4e9DvGvRlv7_kBt97lrdg15uKKtlczkSHmI4Yhs5SoyxAUgL,95,es,-18000,523,7.0,1,SM-J701M,d6d042fa-8ace-4c3d-90d5-b3850a35076c,{},2018-10-04 11:24:34,15985,0.00,2018-05-24 23:15:10.014229,f,0,,,f,190.238.165.58,PE,,
3047c46e-31d5-4e7a-96f2-858a4d239e27,APA91bENh8B0yyzj-jLIlODO3zErxJn2r3VB-fXbnVeWeJ4PlY5s3ojfDSTVXuWl5Ks4Q3K5X5BcUQxY7xJXT6cZ5uDfnjrZ07RT3UZnVug0i8fmlAsd3R1lemfjVAdlrcuvbMpi3zWW,34,es,-18000,523,7.1.1,1,Moto G (5S) Plus,ab5c70a4-404a-4c8e-a696-2a8db128752e,{},2018-11-20 21:17:35,37251,0.00,2018-06-26 02:53:27.852781,f,0,,,f,190.237.63.99,PE,,
37da997c-f17d-462b-afb5-8df5a9a83088,9c46c72bc1b5e26b42f9c8f27beabe949500d8147af47a745147fee7091a5126,76,es,-18000,0.5.3,11.4.1,0,"iPhone10,6",2E4E541B-1DE9-446E-B3E2-0AF1AB99E2B2,{},2018-11-20 18:18:45,3228,0.00,2018-03-06 16:24:25.828653,f,0,,,f,179.7.50.43,PE,,
3fe23c83-b3f2-4a42-9a01-fd7387092967,918a2b94bce5141b58dc431e40c1f6f475efc9461b9b12e016a3f49fdd81e95a,28,es,-18000,0.5.20,11.4.1,0,"iPhone8,1",24B1DB50-4512-4A2A-9A23-56E40AB39E4B,{},2018-11-01 00:12:55,3612,0.00,2018-07-03 17:56:03.635885,f,0,,,f,181.66.248.12,PE,,
385cb5e0-612d-428f-9d88-c2186ac4f594,ff74e61a99714ec5004194a78b968c6bda9b4d1d78f940f228ce4da780b2b34a,71,es,-18000,0.5.17,11.4.1,0,"iPhone9,3",F7B0F054-B90F-4D0C-929F-64B061C2F0C6,{},2018-09-21 18:05:15,3549,0.00,2018-02-20 20:37:31.872359,f,0,,,f,190.239.83.233,PE,,
4144919d-a832-45a0-9645-da7189f02510,APA91bHzRyVjLGj3qq24XWL49HiC8RH2OooMG87H3csZWg7P44lawGu-zjzUfJRnK_m50-FdTeAbbqpn4vPFL8Fy_SwjczO5GC_nnlsj-VznPLB452bJ2t3SE-bfqfK39af-TlbD-Mpx,76,es,-18000,523,6.0,1,HUAWEI VNS-L23,00f6f979-7c3c-47bc-aedc-b00472f86e3e,{},2018-11-13 13:15:15,6002,0.00,2018-03-05 17:25:41.958286,f,0,,,f,181.64.248.106,PE,,
408e8ab1-889c-47a7-bf7d-409342028aa9,a0b731813669ee3fb05a344069824eb5ce247593cbb731dca35c94dd825ea19a,16,es,-18000,0.4.1,11.2.6,0,"iPhone6,1",442FAD8A-9522-400F-8263-DB1D97874257,{},2018-05-11 10:09:50.049639,1451,0.00,2018-02-22 19:34:12.873244,t,0,,,f,2803:7b80:2550:64ed:b87a:a525:5312:82a8,PE,,
409dfb90-7a01-4eab-8aae-26bc0502df7c,19c87d001daf9f4db9c198953acf9728278eb26da35cc5a574db185995a48761,4,es,-18000,0.4.1,11.2.6,0,"iPhone8,1",83B33BD3-4FC2-4420-83C6-FCBCE1858D90,{},2018-04-19 01:18:43.502707,31,0.00,2018-03-01 08:53:19.179144,t,0,,,f,181.199.1.119,EC,,
4c2a2cc0-106f-4b75-9bc3-c679478a5c0c,697ff70fd9c7a8e7b998abe74a65f6155d76644a7d4c0fe7060f39182ecd0083,3,es,-18000,0.4.1,11.4.1,0,"iPhone8,2",C86ED3B8-AB63-465A-BEF9-8A2296E81344,{},2018-09-16 13:59:53,0,0.00,2018-02-28 14:54:37.086082,f,0,,,f,2800:370:4a:9bd0:f841:8a8a:9ba4:ef98,EC,,
4f9452f8-7bf6-4d44-ba0c-b3be9365ba8b,APA91bE2motoV6nYl-lnQBK-w7bRXU56N-4jJUahl7r2Coy0Fr03OPqZwx6l84M_DGRty3vDfCC705Td7eqmMnV0Omv-gL9s8jxRTc2uA8gKoEHZkLD3Y_OPTx3KltsmXg-va5cyuV3K,79,es,-18000,523,7.0,1,LG-M400,e754bbfa-ca4e-44d6-b828-a6e63b8a03b3,{},2018-11-13 13:10:46,123003,0.00,2018-06-27 18:02:42.235844,f,0,,,f,190.238.163.53,PE,,
4d6ba4a9-9920-41ad-a8c0-7603b5fb60d6,APA91bFWEZDcF49Uy_NWKdLWkcHpFyHaaO3s6C7dnatu5umWFAY7ai3IIdWTYfTY-lM_8sYy_Fg0SEaJSrMnggOc8egZzg9WthyxcelNRh9TQudtt-nKBwU6nfQUJjUE9WQnaYuk87lD,110,es,-18000,520,7.0,1,SM-J701M,32efe642-4d91-4250-9b7d-f483e6763127,{},2018-08-07 14:43:29,57180,0.00,2018-03-12 18:26:24.794096,f,0,,,f,157.100.57.196,EC,,
467e89f0-7e8e-4fb1-8cb4-02133a3f802c,APA91bGm3sknA1UKYGCHozM8lLWb6uMMisy55q1fWIcHuFuqYQn09Ri5EropG9n6oEqdAn3oZ4ccLJcJbdpqiJi6IxTpoB1dOCpNupslRBvu6W_skepz26eAwGmKEYFIgJ6RAszUOJwy,74,es,-18000,523,7.0,1,LG-H870,b1904bc8-627a-4a6c-a5f4-2bf86f447a65,{},2018-11-19 17:52:00,41393,0.00,2018-02-26 18:37:53.428277,f,0,,,f,2800:4b0:4400:5994:5083:5c69:f62e:2ddf,PE,,
4281ad39-0061-40d0-b14d-2d28ae8426f7,APA91bEPrU1WKdIImRALa0oLZ6E1Nzf6_dm5ND4r0NYVksrLh2OdLpOWlyua_KP4zvaUWdTdzDZQbe_VIKD63A2F1JNXwomdTUMIedua_S3F73qiL6rtL8dLsCPHx7RNj2b8s1ZGqSeF,13,es,-18000,523,8.0.0,1,SM-G9600,d6f88e33-7bf7-4a1e-b52b-cb195149a89f,{},2018-11-20 19:34:19,520,0.00,2018-09-17 21:41:29.297063,f,0,,,f,190.63.150.231,EC,,
47de8910-884e-43f2-b493-eef6688d8d18,APA91bG29zQoGRn-PT7mHa-j_VvvFqFNJVCFpJergxHTnLMFmr7GuLxwvUcsjJmYW1Z1BNkJN4ijLwfkJqXXfjH61t6phRgHNJ5deiZgy950Zj5OT6kAFli0RhF_5YEr1w9thVfj4Ghj,963,es,-18000,523,8.1.0,1,SM-J701M,248a44e8-5dc7-4676-8b0c-48bd0b75872e,{},2018-11-21 15:26:41,148208,0.00,2018-02-21 13:25:05.382663,f,0,,,f,181.112.142.166,EC,,
47e6a5d7-a99a-4562-be1a-2f12db10010c,APA91bFVCo0nQpIJMjHXEUceB4PSxMWqI3dXHCMmksgLyD3BZ1V980BDX6NrqfQ7odQD7R8dsxX4yIh5BjUVZ-5iDYW1zOSLFIPpuy3Rt_aBViDPJ8EQQi9tDDFyFKbgOCJ50mbU1Esr,7,es,-18000,519,6.0.1,1,SM-J700M,a81ab4d6-a7dc-4e0f-8dee-852a6bf11520,{},2018-07-03 20:04:17.840908,405,0.00,2018-03-05 01:28:44.638474,f,0,,,f,179.7.48.175,PE,,
41127d23-b742-40dc-a7c4-c9cbba146caf,d24fcefa7efc7d5457e187083eaf686845b7f12a75be601ccc68df5685937a1f,2,en,-25200,0.5.21,11.4.1,0,"iPad5,4",B40B85E5-4495-47A6-82F0-557BE98CD08C,{},2018-07-27 22:48:14.240473,459,0.00,2018-07-26 17:55:31.135317,t,0,,,f,17.200.11.44,US,,
4210dd34-1777-46b0-9ffc-33f66aed393c,APA91bEd4yhQBqnQFBEEShxnYdPLjD6V4-wcJNm6Uu2QYp-jm1i_kGWw1jaEDHn1lUCb4gP_wzJg3oltZeAHrR-XzzENovHqWjXBSv96PIYHbROsquOyl5dRJWXHS2zZO4LWI10j0Vgt,39,es,-18000,523,8.1.0,1,TA-1025,d2c8e1d2-1bb7-402d-a5ec-33dd458d0992,{},2018-10-13 08:02:18,19792,0.00,2018-07-24 16:50:41.735419,t,0,,,f,200.85.83.66,EC,,
4ffbaa7b-3620-4e5a-b400-d404a3e44b47,APA91bGfpxtjSSOF7jYBjgRi8FyF1dIDvq5uix2Kt5lpQygQbE2U5ro06g61m9ZI-fg_pKvQPDqwwmqUJ81A5FQAjimy_okwEC6ZkCOJ_3MhcXDa49mNfMMFk1Nu3DjF6wf1_PBdt9JU,9,es,-18000,523,8.1.0,1,EML-L29,587b1e3c-3769-4c09-b38e-3399f7ebb637,{},2018-09-26 22:45:57,15724,0.00,2018-04-25 21:03:57.623124,f,0,,,f,181.188.200.134,EC,,
4f386b93-151a-4657-b198-e94fa1a94dde,0b87ddb443793f791bde2b4038acf3cadadd578e510f9d458df22b96e207a18f,68,es,-18000,0.4.2,11.4.1,0,"iPhone9,3",B8446B53-778B-4C41-8151-FA4362F470CB,{},2018-08-03 19:43:40.161979,6241,0.00,2018-02-21 16:56:43.319858,f,0,,,f,190.239.74.131,PE,,
46af28af-99f2-4d2d-bb0d-69e05b6121c1,APA91bEvqLVrLRM4Ms9e0Q0RQ4McE8C5PsczsamHzGNEk4MaENSF4ReARzuJWx0wEKNXlcO1cKiY9lxN9FS2DxQw5p-QSW5uESUvA9ksSNvLbs-Hfl1GfB3V3U8AHh8r6ok_WQBs3FwM,123,es,-18000,523,6.0.1,1,SM-G570M,5c9b4c8b-7d0a-49d9-8b8f-954eef368cff,{},2018-11-20 20:34:50,49393,0.00,2018-06-15 23:22:15.288175,f,0,,,f,200.7.247.53,EC,,
57276d0f-2b82-4a13-995e-b48cc2107c55,,14,es,-18000,505,6.0,1,F3313,820c1ce9-7d77-43ad-b0a9-f23dc8767223,{},2018-04-16 04:26:54.977348,100687,0.00,2018-02-20 14:10:43.134442,t,0,,,f,190.233.151.240,PE,,
5c8cbb60-ada1-4644-8804-a0676d698756,APA91bEVN3vex1rDrhkWNyFdlhph4f0H2M7sIKc62uNCPuqhgkMFankoWjcIcYJRKbnTly3CEKVmMA05FBTyLpUB3N5vSEoFQNE9grlNViYOy6cRNTbBXi0J5Pwg7Pxb_sprNlnsA9bV,20,es,-18000,514,6.0,1,DIG-L03,8c6ebfdf-d28f-43c7-9886-c4367e4800bc,{},2018-07-13 22:18:16.312716,2562,0.00,2018-03-09 04:23:28.626294,t,0,,,f,161.132.115.250,PE,,
5235d58b-6392-4636-9ae9-d2e4dd747d1a,9d57d77c0dd978dacb27d314a4ee2b7c18641fb2df4afdb6e5a8f3cc8e0504f6,72,es,-18000,0.5.20,12.1,0,"iPhone9,4",BD85119A-462A-4344-ADB9-05F454265B5E,{},2018-11-21 04:09:10,6087,0.00,2018-02-20 01:46:53.425061,f,0,,,f,179.6.205.183,PE,,
581950ee-6748-40cc-97e3-64bbb3978c79,afbe191324615cd1693ce851b04c3f354425d790bf4a1f8a566c7c42797b7c3e,16,es,-18000,0.4.1,11.4.1,0,"iPhone8,1",EEF1553F-0C08-48FD-A3DA-5C0B01E2D2CE,{},2018-08-28 15:44:02,1332,0.00,2018-02-28 12:21:20.530267,f,0,,,f,190.239.80.31,PE,,
5adf11f5-6a49-4af1-aa23-6911e2f6bd8e,BLACKLISTED,1,en,0,524,6.0.1,1,Nexus 5X,dbb0015c-1896-4d6b-a7df-76b15a555a1f,{},2018-11-21 00:09:17,137,0.00,2018-02-19 18:10:36.745578,f,0,,,t,66.102.6.104,US,,
56057a99-0122-41d3-adb4-167a0ad9cc98,APA91bFJnfWG4g6djIQyyzf4gmpGMUHl1z7y8fouSnZ1WDhnEHJOdVIHeIleucJmZwcwpTPoC0uFA8LcRcjT1__tAVUYI0uvTYq_XCMjuqMLB74CZXdH7jdG6EsnQeh4pGXOVa5kYHrH,167,es,-18000,523,8.1.0,1,TA-1025,02c86775-489f-4510-9432-47280948cc30,{},2018-11-20 16:26:28,15130,0.00,2018-07-12 19:29:51.378945,f,0,,,f,200.85.83.159,EC,,
51b12f0f-4861-40a5-92d4-e6eca92185e1,,2,en,-18000,0.5.21,11.1,0,x86_64,0BFCB4EB-1107-4502-9483-57016974542D,{},2018-10-16 21:37:06,0,0.00,2018-07-25 21:13:52.462336,t,0,,,f,181.66.237.168,PE,,
5707d26b-fb4e-4353-9180-28931f9c0114,APA91bHYuPiyspj0KkBBAL5P5YWmNXEUJqBey3PY4ZAMRWRBiruTELT-2K5Yxtt7q7JetvXHLkOXppHTGenofw4A9X0OmZdHYuLI6mdFFXNoBoN8NkQdWO2JecQ1gCcfYGof_pGWC4ZQ,10,es,-18000,523,8.0.0,1,moto e5 plus,b23cfd59-6a6d-4c7a-aca8-9a324978620c,{},2018-11-15 21:51:35,1100,0.00,2018-09-20 21:20:55.552926,f,0,,,f,132.191.2.72,PE,,
5bdf9441-7d3c-45ec-be26-62849fd205ab,,8,es,-18000,520,5.1.1,2,KFSUWI,1ac8e041-233f-4a97-87e8-c05f1ff3c0b8,{},2018-08-06 18:03:51,3066,0.00,2018-04-03 16:32:17.048643,t,0,,,f,186.178.204.98,EC,,
552d9bae-1032-4fa8-a734-4afdeed7cc95,91944b32d63207978038a7bdbbeca56e820a1bda5eebb48007446fee6ff7452d,15,es,-18000,0.5.21,9.3.5,0,"iPhone4,1",BBE22375-CFF4-45A4-8299-6B19D61E9E22,{},2018-08-09 13:35:13,1550,0.00,2018-06-04 18:39:31.381294,f,0,,,f,200.85.83.131,EC,,
5b736fe8-fcce-4e87-972c-2c8a2eb37a42,APA91bHslzAfOK51ieLlS9wgz_uUCTupKJnXWTkPiHB2Znb_H5DMigu3jSuE-ZjN81X5pYmlB7UK4jwlGjQgGzNCcCevTp5lj7nS-wfOYJzGbMcdamhP7Pm8UCuwqXkmkzz4Qvx1QMe0,166,es,-18000,523,7.0,1,Vivo 8L,a6e7dca9-4370-4761-b449-a583413aa9c8,{},2018-11-21 17:30:07,64551,0.00,2018-03-03 14:54:53.111376,f,0,,,f,181.188.201.30,EC,,
55946898-8434-4219-a874-a40d3d2e5860,APA91bEuEcOdBJEGQ0ztxyCdJAxfoH8TBPtZonml-_i6tnmyUi1DtKW3gVYuXTiC-693Fw-znTBwYm0FQuMNvojMx8n084hiXJcRKaHZ3HybIXD7DEW3xx2rjkx2XJrQE2xbXw8HqiOg,95,es,-18000,523,8.0.0,1,SM-G950U,c44a6288-888f-403d-83bc-225d9a90f2e5,{},2018-10-16 12:26:12,16472,0.00,2018-02-22 13:58:29.331713,t,0,,,f,190.63.119.151,EC,,
5b1d329a-6d51-424f-86be-d10898c104cd,APA91bFm00J-AVj9VNUcTYFGUyMcxstWvDZBnWMza1wFApqXJZt-JN4pp93eO-Ik3JFvAqoNQMu9_dAkrkVxLBv02Uz8jDpQK7FGyyd0JNWiJOgT_8hY2tDxExa9YTGaHYQcDmUwLhI-,5,es,-18000,523,6.0,1,CRO-L23,da26b41d-bae9-4f8d-96b9-105f4e85876c,{},2018-11-21 19:33:35,178,0.00,2018-11-20 20:15:25.29813,f,0,,,f,181.66.237.168,PE,,
6584b099-e5b9-4d92-ab0c-3594621ed4db,,2,en,0,519,5.1,1,GI-I9500_TMMARS,,{},2018-06-06 01:45:12.839609,157,0.00,2018-06-06 01:41:38.738896,t,0,,,t,150.70.162.182,JP,,
617651b2-3036-4ef9-a325-b20dcefe78b3,APA91bG4PTKxr6yuuF4nLRETqMD-p1bky-AS_oVtPgdbBdvEQVIXZGaClVSwHEgjh-G56DiFfEOajR-Oh4Aa-aZHxrHogCgND6R0GhAW7uIpkXeng8YIgIRmBc89rgEOqH-JZpoknnG1,32,es,-18000,523,5.0,1,SM-G900H,723a01bb-24ef-434e-9c59-aedbe16b9c6f,{},2018-11-05 19:24:08,2598,0.00,2018-03-10 03:06:35.471262,f,0,,,f,200.85.83.27,EC,,
62f01d55-6441-4aee-8e97-63b5fcf34048,APA91bGkYIs6qgdhuqjaVw5LOl1GNfkOdk9qMxNFTa5Re0BVYwokTEaiVH2ptC6uJ2H6wC3wrUXKKR6auGS0hjOO3nEPuIDEUJl6M7ypfaX8RkbJZc_kKZTPzMagkvuIeswCgAHo89FS,75,es,-18000,523,7.0,1,SM-A710M,45dc664a-f92b-47b5-9b48-0774bb0b05d3,{},2018-11-04 15:34:29,227998,0.00,2018-03-04 00:11:25.184844,f,0,,,f,181.64.238.11,PE,,
65791a47-583b-457d-8174-2df0804fbc79,APA91bElT49CKki7cWHf4-UIuajhjjby8j2wBoxsdp0SeDJIhUt6pAEuOLGfK-C08KtPVo9Lc84gnbwV33lOoGSLqGLAK6vWfWIhajeo57XlUSNz4JxLFp7tlrzEm19rjwh6Np8evlPg,10,es,-18000,520,7.0,1,BLL-L23,0ec183e8-288f-48c0-89de-9f3b72b69ec6,{},2018-09-03 19:59:59,2112,0.00,2018-02-20 15:41:45.181778,f,0,,,f,161.132.113.218,PE,,
6d4545af-9db4-4957-84c5-a38b2727d540,d490ef83a921d70c831962fc694b04667cb727adfbf7628003eb887c32b551d7,13,es,-18000,0.5.21,11.3.1,0,"iPhone7,2",822FC533-53C7-42DD-953A-FDCCB178EDC4,{},2018-08-06 16:16:35.068387,1028,0.00,2018-08-06 08:08:49.135882,f,0,,,f,186.178.204.98,EC,,
6560c133-2dd2-4ff2-8392-e1d57e7e25b6,f5611e7e793bda7ed0095179757b92170649e3e2fd7801500d90478dbe997487,1,en,-25200,0.5.21,11.4.1,0,"iPad7,5",4E26B4CA-9EDD-4810-889D-EE0931C6CB36,{},2018-07-31 20:57:05,35,0.00,2018-07-31 20:56:31.629183,t,0,,,f,17.200.11.44,US,,
62081b84-8340-475b-b0dc-5ef03b7b5901,c1d6504a3b08aa5015a152e0ac2474d5a29a4a09503d019d1ba16bae1d762dec,11,es,-18000,0.5.23,12.0.1,0,"iPhone9,4",DC4FC362-69E5-4FA2-9B59-D87037B38285,{},2018-11-07 16:32:14,648,0.00,2018-10-05 23:31:34.868693,f,0,,,f,161.132.113.218,PE,,
722ac4cc-7d20-4e7e-88f3-c38241a3e5c0,3615389da53e74c6e9970af586bdd42a26fd7debde054b181219f1327c828474,1,en,-18000,0.1.8,10.3.3,0,"iPhone5,3",E8D505C1-DEC5-4068-8DB1-764B83605862,{},2018-02-19 17:43:14.278992,99,0.00,2018-02-19 17:41:42.661233,f,0,,,f,190.234.105.2,PE,,
71792d23-d00c-4257-8c04-7f273d0c6d31,a6e6d40e4a0d86813fb1461de282ebf95870097ec0aa6c07d5e4fd37d09631a5,1,es,-18000,0.4.1,11.2.5,0,"iPhone6,1",ED2D1A08-BF7E-4DC1-9217-723F42C824C4,{},2018-02-20 22:55:12.342013,0,0.00,2018-02-20 22:55:12.335972,f,0,,,f,190.43.146.182,PE,,
7de5d114-4eb5-4895-969e-057ace223756,,1,en,-18000,402,4.3,1,AOSP on ARM Emulator,,{},2018-03-03 01:53:48.431086,0,0.00,2018-03-03 01:53:48.422088,t,0,,,t,54.90.181.151,US,,
77d5e758-b9a5-4c12-8eb1-143db9025060,,38,es,-18000,519,7.0,1,EVA-L09,43b1f407-8084-432e-b996-364a0285b4d7,{},2018-06-12 23:06:57.710668,20889,0.00,2018-02-20 17:57:29.307312,t,0,,,f,132.184.131.210,PE,,
707d6731-7cc3-4d93-afd7-1ced9c77d55b,APA91bH3T4hAWYQo8RkBD3S-IcqqS6vdFqjKc8VG_kq51t0LMtipZg335gJKvz7bPjtCperFOw9mQvMKuwb1T44bpoXPz_I_PpG9Jmhnylt2e7AGig7Jt-epWfagAtcsSri3AsOOc7HV,5,en,-18000,520,7.0,1,PRA-LX3,32031b0a-1114-45c1-8d92-e873ce74401b,{},2018-07-20 02:49:25.731823,100262,0.00,2018-04-16 06:03:51.768523,t,0,,,f,179.6.193.142,PE,,
79c469c8-e823-4d78-9244-c47d5d1403b9,,74,es,-18000,510,6.0.1,1,6055B,9f3f5ef2-348f-471a-ad52-82f64e52f45b,{},2018-04-25 22:50:19.317706,8384,0.00,2018-03-07 15:33:53.741907,t,0,,,f,186.46.61.109,EC,,
73dc3a9e-00af-41eb-831f-ad485a162b80,APA91bGtIyf7sjo7OKFbUnIdwG3jBGASMY_F0TxitcaoMuI_UX1mN8zFOTZZ0g8tSeZ6cXRyZdSwVHxZh0FtEcHjXKly1zWZxWHG5nUBMO-YGCv399A0jRYkv-YGIZVl3-nGlQ-0_ZtF,56,es,-18000,520,8.0.0,1,TA-1039,d45a3e62-4887-4f6b-86a8-a7604223bc9a,{},2018-07-12 16:25:32.445061,18876,0.00,2018-02-20 16:11:07.536849,f,0,,,f,181.112.142.166,EC,,
7a48ef12-bd17-446f-9baf-efba917c97a2,APA91bEbAGKkKuCcMgF9N8F_PShaPhbgTv8g2gG6mXwACoqjJywc-qURwp2d4M7I4XYIbQO6d5mzAPwR79OdeN9U7EeMPhGDa02CQnG3AzIaPy35lTVWKNMmjai8sCUJrLQ6Joc5RgqG,15,es,-18000,520,5.0,1,STUDIO ENERGY 2,3f0d40f5-7d45-4b04-baed-5de9736267f8,{},2018-07-31 00:08:05,6956,0.00,2018-07-09 01:46:03.932819,f,0,,,f,179.7.54.17,PE,,
73093a69-efd1-4388-b38d-6b6264c0dbf3,APA91bFep2mToYWf8C3uDVi1heyyaS1PbgRKCZ9_qBp_JnlRvi_aKxh6L9u-YcJsFMlPLqf_mXGfO5IoNpCxJ6RxEC9vj9SWK_ba1abOm6u3uShhP7_STpVbbQlIiBXuB8lzUnMAy2kr,129,es,-18000,523,7.0,1,SM-A520F,a7c33b7c-e2c1-416e-88ff-42af55dd0e7d,{},2018-11-19 17:42:43,66719,0.00,2018-07-03 21:07:56.993136,f,0,,,f,190.236.203.246,PE,,
7e1a581a-e603-4c99-aea0-3bfbdbc70681,,1,en,10800,520,4.3.1,1,XT320,,{},2018-07-25 13:22:50.401224,0,0.00,2018-07-25 13:22:50.401613,t,0,,,t,,IE,,
75b530a8-8fa1-4582-847b-86e1393e694b,,5,en,-18000,0.5.22,11.1,0,x86_64,020A4696-62B9-46C0-B754-FCE143899826,{},2018-08-02 20:20:44.974808,0,0.00,2018-07-25 21:30:58.65975,t,0,,,f,190.234.105.169,PE,,
7df1da7e-657c-4836-97a4-a0ce1b553944,APA91bGAyx36ujqOfqjZ1bqk1o3Oa_t_56DYnk8ekt1jcMlID_vUGX-ba5Ls7FUhk-bUhRkbBYBUzc4GsNdUhVQvicUrJ4SkucABMfEjE4f4Lt2-svmUp4-vs1Xzto_-_Uw2jLd6WEQL,10,es,-18000,520,6.0,1,MYA-L03,0f01f077-2c53-4a4e-aa1e-bc54696c4eb3,{},2018-08-12 13:03:09,1435,0.00,2018-02-21 21:22:47.371978,t,0,,,f,190.63.150.106,EC,,
82c35bad-e675-44df-a32e-b62201318e92,58f207807bc6c4839ab4c36b52d6cffdd807bf67768e1b929e0f85ae1ebf2e34,115,es,-18000,0.5.22,12.1,0,"iPhone8,1",AF7520E5-B81F-4D1D-BF38-CC78234AD0EF,{},2018-11-15 22:02:39,8844,0.00,2018-03-01 02:57:52.955948,f,0,,,f,190.63.119.244,EC,,
8a3221a4-6e01-44ff-bd71-8acf4c8ce8b6,,2,en,0,501,5.1,1,GI-I9500_TMMARS,,{},2018-03-06 15:52:41.22246,157,0.00,2018-03-06 15:49:06.247513,t,0,,,t,150.70.162.182,JP,,
8c739393-0638-44fa-ad85-37a838bf8c14,ecdc813c584153489f819f495f67b820053cc3d3884c4ce9593c2bf52a8db8ae,14,en,-18000,0.4.1,10.3.3,0,"iPhone5,3",95DD365B-72C2-440A-A72F-186AC582CEA5,{},2018-03-01 17:38:28.874451,1194,0.00,2018-02-19 20:20:31.679017,f,0,,,f,190.234.105.112,PE,,
8d9d614b-d95b-4671-907e-494a5a17dd91,b2a3aae740d5a03a5ff2e799b65d3f4c66700213e55d60672c93d3949ac1b60d,3,en,-18000,0.1.8,10.3.3,0,"iPhone5,3",2AC48376-DEF7-4C1B-BBDB-E9B97C1DEC88,{},2018-02-19 19:45:18.356865,182,0.00,2018-02-19 17:52:09.055084,f,0,,,f,190.234.105.2,PE,,
8fb80d91-da14-4399-802f-279d82e1da0c,APA91bEuLnR-pXED_dI0EICZBA0XZ7_zKniCVdwzN59NLB0m0gHaQhemFV6kabGTPMKp30gRcbPz8M_MXx0i3-0z_6_IDfJ99xWPwgrSKIILptwlqCMfDN9iEq8hyLVMqncXE-SEXstM,88,es,-18000,523,6.0,1,DIG-L03,79cd866b-b8a2-4bce-96c7-8a3012116713,{},2018-11-21 00:08:52,10344,0.00,2018-07-04 17:08:53.198573,f,0,,,f,190.234.20.225,PE,,
8a4edf0e-ba57-4691-b48d-84a12ba358d6,,6,es,-18000,503,6.0,1,CRO-L23,c84cfa35-d9c3-4dcd-8e94-8587d75b96a9,{},2018-04-02 20:15:03.805002,1571,0.00,2018-03-01 19:29:17.033171,t,0,,,f,190.234.105.112,PE,,
8aa0b722-cd0c-4c4f-ae90-5ba6972fb8b9,,1,en,10800,510,4.3.1,1,XT320,,{},2018-08-20 09:52:42,209,0.00,2018-08-20 09:49:42.565562,t,0,,,t,,IE,,
8cb27296-9c8e-4f95-a641-cd1bf5ccb657,APA91bH885aAgLVdVXBy85NvW15q4SSW1v55qADJzgRfYF1s42uGuHzyDBJSHjbIlzi0YwS6_IXOz9rnZoxc0-IN6do62oW5Gj4yCS4B8IwsMc6FpM0r3yRZ3OINBVu2I1mhXhXrOjSR,9,es,-18000,523,7.0,1,SM-G928G,4345fd5a-35da-4a0e-9b20-37a3dab7b1cf,{},2018-11-08 14:47:24,1616,0.00,2018-04-17 00:30:41.447635,f,0,,,f,2800:bf0:1c1:2f6a:2953:f1d0:ba4b:7d87,EC,,
86f006cd-a2f5-496e-b9ba-9898647a6ed2,,2,en,0,513,5.1,1,GI-I9500_TMMARS,,{},2018-05-01 11:44:51.955514,159,0.00,2018-05-01 11:41:10.175544,t,0,,,t,150.70.162.182,JP,,
869b8186-9741-4cab-af56-b20fc0bf684c,APA91bEzk7OS6Ow0cEMWm-donLzjTLLS1fq9upuewxZdUdPJIHf5pwXvPaE8NeWRDVG3LCxCD7fUXfbI13IohdVDJZ35Mov1oUx3UWv79Ep6d7ClknxAAH-zugfIv_ZVeBHCu687SELB,68,es,-18000,520,7.0,1,BND-L34,3e45eff8-1832-481a-91b0-b5e45c6e95ee,{},2018-09-18 00:13:41,21285,0.00,2018-02-21 17:45:44.660645,f,0,,,f,191.99.114.100,EC,,
857cfbca-99ea-4c16-802f-44ef8bb882b5,APA91bFzo6LKZHKJwzRJax54GO4yu5uKndVitydyJ_mjnA9Whd38xrZfu2mm9rH90OgdAi3Sugo_wa8udagh_HdTMx7m1cftFXfi9MttU285sSC2h_N9I_Mit5ipUFnUcJOT1KbOr4Ic,15,es,-18000,520,4.2.2,1,HUAWEI P6-U06,OptedOut,{},2018-08-04 16:10:52.503377,5463,0.00,2018-07-05 16:34:31.265796,t,0,,,f,190.234.105.169,PE,,
8497a1d9-b87a-4ee0-9d88-f0e0c8e10977,af619ada46bd489456b0bc124e7455534375f81249e9bf451ef5dc21d060ead4,153,es,-18000,0.5.20,12.1,0,"iPhone9,4",CA40EB5B-04DF-41E6-BC61-88CBEA4B8991,{},2018-11-12 14:15:21,10738,0.00,2018-05-04 18:02:36.880983,f,0,,,f,190.155.93.66,EC,,
843a944c-7b5f-4125-9d2e-ce3e273a003d,d1d3b8cf4b84bfb65e1c6907db93c4e0cdc7b188159cd8aa36105ae608448b42,28,en,-18000,0.5.21,11.2.6,0,"iPhone6,1",EDF64D68-42C5-402A-AF4C-749F1F1AF679,{},2018-09-13 00:17:27,3754,0.00,2018-08-09 18:44:30.947646,t,0,,,f,181.199.39.176,EC,,
8cc72c01-cb39-46ef-aa39-d5b4993adcfb,08e58964231b96ff3a1acbc5794f8e83a9cfb36e5f4b19bf52de0495943f74b5,4,en,-25200,0.5.23,12.0,0,"iPad5,4",4B617544-4034-446B-9D69-ED4D30398C84,{},2018-09-18 23:31:10,964,0.00,2018-09-18 22:52:01.243452,t,0,,,f,17.200.11.44,US,,
856aa95c-fa73-414e-a9d0-93f4db77dc91,APA91bFXB5cWWg3so4zys6Yt4uf56-TZujX2hd7fhnGIvKpMCHRiUwMjgFoUk4im_GBjz5A8XUKGzqFHO7o6i1HXDa8BHMRlNeujISmeXjdD__PbKDjnRjk4lfPnWBGAloaaM8V-pZhW,3,es,-18000,523,8.0.0,1,ANE-LX3,b0157f78-5007-4596-8d83-af2441295ade,{},2018-09-27 00:02:37,83,0.00,2018-07-16 22:00:01.033635,f,0,,,f,201.230.178.180,PE,,
85e51d4d-6d4d-4570-8af1-96ff9ad4cd41,,2,en,0,523,5.1,1,GI-I9500_TMMARS,,{},2018-09-19 11:42:58,159,0.00,2018-09-19 11:39:19.45335,t,0,,,t,150.70.162.182,JP,,
834da49a-5835-4cd7-ae96-6cc24bebb4c4,APA91bENYfdckORElxOBkkH50NY16JNToA_s-2m6cdEih6XUMuR7jMeAu0gJa-eAt0rQZF34DLeLugzgwsyQGP3p78Y9adiiT0ehLkcMGbuoZDXj1AHUTSDOv0M5PuT0goP7S6NYoeps,35,es,-18000,523,8.0.0,1,RNE-L03,315c57ff-6013-49e8-861b-67eb201249d6,{},2018-11-19 15:42:34,1792,0.00,2018-08-07 21:40:35.239274,f,0,,,f,161.132.113.218,PE,,
84d4b4bd-039e-4769-919e-e07c76330ce5,APA91bGxT4DTNx2oPrABy-MUSxfy-6dTprVGmoq4o9BWhmyWgtjIacMNHk08UZOAn6WO6aA97HwzXBTyOMSBW6kd1glE1yhjA-tD5MhDMTjmeGEWsZQpSeDiWYsm438G97feBp1eSBcu,9,es,-18000,523,7.0,1,SM-G610M,ea4bc548-7818-46e4-bcf1-7b2bb1f37d09,{},2018-11-02 02:43:38,319,0.00,2018-09-04 17:17:50.770656,f,0,,,f,191.99.25.144,EC,,
87dff357-0ab4-4163-9645-c8acb762f6cb,APA91bFzdnmOymklhTTfLq75P7fd4MtwOsoHWI4k93DsYAhjJHZn8OiWYw1Heb0buyqyVegYFAY_NAcybCskLBtkCluuD4DLvirjNyBOxOPtwczRepTeWxi9ro5d1OCpXiAJKGvVfIzb,4,es,-18000,523,4.2.2,1,HUAWEI P6-U06,OptedOut,{},2018-11-21 19:30:39,4097,0.00,2018-11-20 20:18:18.629687,f,0,,,f,181.66.237.168,PE,,
85aca597-8785-42a0-bcd3-ab95e16ea5f8,401c304a4a66d8ac7d0963edd09bb62307f5d3fa0d14c7d8e2fe01692b2c9ec4,35,es,-18000,0.5.20,12.1,0,"iPhone7,2",49AFE266-7F07-45CB-90F1-C6A9D47DD77F,{},2018-11-21 03:08:18,1711,0.00,2018-06-20 15:39:55.189437,f,0,,,f,190.111.82.147,EC,,
8b481d8c-c8c4-4fdc-a0fd-69c2aaa7f281,672f9f2969537f9e199b1e6eaabc6acf55dd6ee7f0b121f8e0e34aee8e36353b,13,es,-18000,0.5.23,12.1,0,"iPhone7,2",DEA4463D-3464-472C-BF7E-A1D95BC95884,{},2018-11-19 23:58:18,1661,0.00,2018-11-02 18:07:30.00585,f,0,,,f,179.6.212.181,PE,,
9d15bd02-e3c5-4330-84f4-0fa4e165fd81,8d4e7201f1faeb2683a86811f965898a1a5f3feb0c174208dcfb62605fe9da92,8,es,-18000,0.5.10,11.4,0,"iPhone7,2",37B9B0B0-78D5-443D-9D87-A5C3ECEDB86D,{},2018-07-10 19:31:41.811466,558,0.00,2018-04-26 16:14:16.022233,f,0,,,f,190.63.255.197,EC,,
9ad709d5-b528-477d-9dac-e3865ea9f3cf,APA91bGPy4oaZL9vp9AUKua7Fz254L6GFoe66fxC8rof87qUl9ftvtoEb7Lx74sL34Is81ztxss3ErmPKFG_jrQ0caSdUSqOkyDWw0RLE5nbt73sxRARfs7vRge-LQC8dOtcNoeHQA-L,71,es,-18000,520,5.0.1,1,GT-I9500,2fc4e7b2-b82d-4b24-a3dc-1211c37d80bb,{},2018-07-05 01:56:50.4985,4243,0.00,2018-06-04 23:18:35.653396,f,0,,,f,181.199.32.62,EC,,
92e50985-bee1-4218-bc16-d9f3ab52ac1d,APA91bEwyoWpqS83M0EMe3fG53L73lfrDt0d-kNbGyZzThWJeGMpMKHOkkCKz516nXqxzo_J3JEZ_ZCZpmuL2DZrlgxrkEwk4L9oYXef0jjbB2nbI2Cj0T6x5p8XB86Rpk4szYsZmtV8,41,es,-18000,523,8.0.0,1,SM-G955F,e253bdb9-c2dc-4da6-a090-555201a81f4e,{},2018-09-22 19:19:23,2997,0.00,2018-07-05 16:26:29.662447,f,0,,,f,190.95.131.178,EC,,
90f8a5bb-b2a8-41fe-907f-4990737644b6,APA91bHOUmCVyWMNgOtjSBhc_v-IuPSqdUfVYkQvupm88ZTbSdi2CBmGUuhEFUvisGVzgvdJQeXPttjShqAe9meZOIU4VBwr2bj-tD_j9S7XT0mlC_KSeIAiVGH4yJ-3-JtYw0F4dFF4,31,es,-18000,520,7.0,1,HUAWEI VNS-L23,f856aa4d-aa38-473f-b124-670d808af97a,{},2018-07-30 23:25:54,6420,0.00,2018-02-20 16:18:48.387753,t,0,,,f,190.236.10.197,PE,,
92443649-f953-4510-bf99-f01387602fec,9186e5ad4b8e37ab67acdf814f66722d67c8f9858905d93c5c99e46534824e75,18,es,-18000,0.5.22,12.1,0,"iPhone7,2",228A2697-99D4-4D9B-9D10-28DBF650DF8B,{},2018-11-20 21:55:57,552,0.00,2018-08-03 20:29:55.451504,f,0,,,f,186.101.255.2,EC,,
9feece41-606e-4012-98ab-ffd89b3acccd,APA91bHGJGKzv4uw17VTdWoGw5wNcN5IH_Gj8X1aPs_qnddYl35e86FcXFTsGhLsIOJqhW7DF2g_F0BbCDRDzBKhS0JjH0oBnoeUDcfQ2c8TeKCgGMT7X7dHEA0O00dpkzEjdahpDvXG,1,en,19800,520,6.0.1,1,vivo 1606,1b9e59f2-ea3b-40e4-918c-0d4dc127eb4e,{},2018-09-16 09:03:35,113,0.00,2018-09-16 09:02:29.498938,t,0,,,f,223.176.8.136,IN,,
9a1014cf-0496-4762-90c7-299751393de1,10e793a6694960ae30c4241c9cdbdd814a574ce662357882dcda5102fa330d6b,62,es,-18000,0.5.3,11.4.1,0,"iPhone6,1",51600C0B-A600-4F16-B2FD-2D3589661FED,{},2018-09-24 18:55:44,5267,0.00,2018-03-15 18:03:03.734388,f,0,,,f,2800:370:6a:cfb0:b4:134d:b84d:4806,EC,,
96fe2e89-1062-4352-899b-dbece32e942d,APA91bFtfBghEqDWvvVM7aIvMqRFsT98_Bg0jNMsE95O7f6wvAejd2dyZTO3nSN9GYEtSl8A86JMm9eL35Tr0uyhjweXQXDJXOc19eb7nTNkWwbK5HaDbL3QqsOgM_2X8INzYU3-hDrR,10,es,-18000,523,7.0,1,Moto G (5),011e7ae1-2cd4-46dc-9d46-a556a462bda9,{},2018-11-10 22:11:10,2448,0.00,2018-02-21 01:36:27.853296,f,0,,,f,2800:200:e800:4bcd:6c88:3318:2f0a:1e6d,PE,,
998925aa-cdef-435e-87c4-7bc2ce273d4e,APA91bE2lQZ845gUBBq5cKyByOChNx8hsVG7rcygehGxsUO1G9U3pxINb2jtgvth69xv1U3OdXrViFLeObSjlmEE9fo_oTVwCcd95g-ll6cWvwPXapN_BoU9D9-kHyAKUkzZsMtJGFnd,85,es,-18000,523,7.0,1,SM-J701M,9e11ac8a-76ee-44f5-964d-6d30d1be45e3,{},2018-10-23 03:21:34,5002,0.00,2018-08-29 12:57:47.038058,t,0,,,f,190.238.163.82,PE,,
a25d56ff-1ae2-4ab5-aa57-d40659248b0f,5b5be6c6724e855a5616a50c993df6055d7d4e83761baace900f3992773ff595,14,es,-18000,0.5.3,11.4.1,0,"iPhone9,3",DAC6E164-AE56-4FAD-81B3-D7E15BFED0AF,{},2018-09-22 23:53:12,379,0.00,2018-03-20 21:13:51.496947,t,0,,,f,132.191.0.140,PE,,
a2dd6a07-41b4-4a1e-8d21-e4a308400f3e,,6,es,-18000,401,7.0,1,SM-G570M,a4948557-1308-45c6-b07e-012e145c48b6,{},2018-03-01 21:36:30.70744,3625,0.00,2018-02-20 17:58:40.947637,t,0,,,f,200.37.90.90,PE,,
add29766-ef95-4609-89ef-fbbc0ea6a3bf,4fc6b87e026e1c68d72c58ad1211f68d4cbdb02d606b5bed248cfe36940d95f3,1,en,-18000,0.1.8,10.3.3,0,"iPhone5,3",ABF883E6-70A6-4F6C-B1EA-BB154C9C181B,{},2018-02-19 17:27:01.22179,63,0.00,2018-02-19 17:25:58.919968,f,0,,,f,190.234.105.2,PE,,
a8a004ca-c707-4990-9903-4901eb21fa61,d10c23009e57edbfcc805ea9d8e9ca47c03ef4c3334bd6c0682d21635ed394d8,78,es,-18000,0.5.20,10.3.3,0,"iPhone5,1",177CC04F-7B81-4D28-A035-FB9A0BDA56AA,{},2018-10-05 23:51:51,14418,0.00,2018-02-28 20:52:01.236638,f,0,,,f,186.71.241.121,EC,,
ab9265d1-cb79-4e84-bfb7-aa37181e72ef,APA91bH4fo2d3OjJ6FIKMu_mX8b1k3fjYtxNcTl5VKRNqSJ7Io9zvYOkb2NyqiVekrGgUQ5WGk6jJu44z0HK6sx485M9h4lfQSePAGnnfLAbJvh0hH2nWXN-X3JAmNtXFSOma4EOpD96,15,es,-18000,520,6.0,1,DIG-L03,c63d318c-274c-46b9-92ad-41042e59631b,{},2018-07-17 00:22:38.212526,2715,0.00,2018-03-05 14:55:17.131357,t,0,,,f,132.191.1.103,PE,,
a1af46d3-bbf4-41f1-b00b-bb0a9e4e2884,APA91bHvx1EGdHbsGvY3l7Ue0vYnxtcTZ6nj_HrfOrf-0cs2aCCrvzYsIyfCMf9AjJpyOGfSG0mxcgEGtgmHe383soiqSytFOm-Ba_LnmB5PakhpjZWRfbHpUM8AMudjfIWRZfq7iwz4,11,es,-18000,523,8.0.0,1,SM-G950F,4db86570-0993-4803-b64e-62a618a15e2a,{},2018-11-20 19:52:53,146,0.00,2018-05-20 15:58:23.285822,f,0,,,f,2800:bf0:82:100f:ec65:390d:d6bb:de2c,EC,,
a31775ab-260d-4f9b-9aa8-8962d76fd26e,7342afe23ff7fc129e45a1906e510e8057b63679be5bd2ac61d2db016f3bfb47,228,es,-18000,0.5.23,11.4.1,0,"iPhone9,3",49B80842-5DAE-4656-84E1-5CC5ABEBC3D8,{},2018-11-20 14:00:12,14567,0.00,2018-09-03 20:02:32.289844,f,0,,,f,190.239.70.1,PE,,
a6d69986-d108-43fa-bf33-39471eee7737,APA91bGgZ1a6KKgcTE5hkTKrY2kiH8UZ869mVNm_OH9uGcqDjFmdqDFV0iOfNyqzlu6OpknY1TjLIle2pZ5hzjpGEqII_8oDYtJX11fyt2cY5-1CIPs_XMh2FDxhq2RV6yPK8gtSAMqr,5,es,-18000,523,6.0,1,HUAWEI VNS-L23,5c743284-e809-4f47-ac98-8ef575f28c4d,{},2018-10-11 02:37:57,353,0.00,2018-10-01 18:21:53.734871,f,0,,,f,2800:370:6e:4c30:6042:1b74:bf23:b75,EC,,
aea243b0-5405-4630-9bb1-1c5318b7449b,,3,es,-18000,510,4.2.2,1,HUAWEI P6-U06,OptedOut,{},2018-04-20 16:53:06.702716,2626,0.00,2018-04-18 19:53:18.825821,t,0,,,f,190.234.105.169,PE,,
a6dd7b36-2469-4d76-9b30-0abd2f8dc7f9,3b20821a56ed9674f3bf192bec1f2d5522a4bb26606620acb77b758c8e355847,1,es,-18000,0.4.1,11.3,0,"iPhone6,1",3FC786A5-E127-45FE-BB54-C260759E4F09,{},2018-04-24 13:14:06.625164,0,0.00,2018-04-24 13:14:06.618583,t,0,,,f,181.233.197.14,PE,,
ad30b6a3-f63a-4620-a350-85e0bdfab60a,43623adf5a1a671a0f176caa83d2a61a523738a736fae155b9eb6fa283cd50a5,33,es,-18000,0.5.13,11.2.6,0,"iPhone8,1",36047CF1-100C-400D-AE03-875F6158B579,{},2018-11-18 19:34:44,1662,0.00,2018-05-04 00:22:12.041392,f,0,,,f,181.112.8.29,EC,,
a9910af8-7671-409c-a199-c828430f2ca1,APA91bEnO2Iuh8f-20mTNLWk7xSylaefrY-HLA3Jn3F9sqkah5hjKH_JVoK2FjQX9edjbAIDlZf_3bdU2kS0lEFIv_77MolB55HgQeAnBMF3cx3Cps9NDj4G_N7QQNHAlxRgS56oDOFy,3,es,-18000,523,7.0,1,SLA-L03,fe49f42f-09c4-4e61-85f1-fcc4914ed798,{},2018-10-02 18:40:16,224,0.00,2018-09-17 22:43:17.014522,f,0,,,f,187.190.11.146,MX,,
a1291b34-1695-4bfa-a14e-fe52cc94ad23,APA91bHCHN4UiFb4Tpu0bF-9th0zYTgELvyFbfeW3T8Nx-cmumYiX64v1XZOiqXmxNA2SNik8czphjNoblJ3Y7aqDFgBH6sybeih9hxsMgsCh_SLTgKa7WCWkjfwvvaTpO-jY_HldghU,13,es,-18000,520,4.2.2,1,HUAWEI P6-U06,OptedOut,{},2018-07-02 22:35:01.52286,3868,0.00,2018-06-28 17:12:15.769542,t,0,,,f,190.234.105.169,PE,,
aa94ba5b-5a60-46ac-b81c-de2eb2f96182,APA91bGyoKJQ9tBRKLd-DmjkPDeUit0Xq_iXg2OU4mFPh4zBIgGyTStXxyV2ylqaafPnf6CsxzAOCoRbFyWH0sZu16cOXz6TEZtmkJ6AT8Zn7kn2O04jxUu7TCk5tXzubsoVB4-RQVYP,1,en,19800,520,5.1.1,1,vivo Y31L,f949788b-215f-48bd-b6c0-60555e35d72f,{},2018-08-03 03:49:47,1305,0.00,2018-08-03 03:29:19.511891,t,0,,,f,2405:204:386:dc9:56bd:e020:767f:2f94,IN,,
a61fe4fd-68e3-4e55-a807-4f0e3d93e726,APA91bE3ICB3rV6ty0SGOj4UlGqg4nLejbLNSJ4r4oDKZqVxtC5sYHmeJQKEWmbj3M9zPr0npDBxwUZifr870j4L3gfxD9C5ru2lUJxsKTQ8lKlE4tkQozaemtOF3EPjuM3iC5_goE4p,62,es,-18000,520,5.0,1,SM-G900H,e9c7175a-f12e-41c2-973b-1caa7e2c2761,{},2018-10-02 16:06:47,14209,0.00,2018-07-31 17:33:46.638694,f,0,,,t,181.188.201.1,EC,,
a2333e14-5dfc-4097-867a-fa1827738f84,0d59ec77fffe72bdfb0c2f2c10eac65c771642f22f54ddd3f89b764127f54382,90,es,-18000,0.5.23,10.3.3,0,"iPhone5,3",4C262AF8-E125-4CD4-9E37-9C683B59F643,{},2018-09-20 22:48:31,10590,0.00,2018-03-01 17:40:41.808432,f,0,,,f,190.40.184.131,PE,,
a2b01596-124e-44b6-84b0-841addca193a,3448ff90b53247be8a9d56671bb526067cc1e6d779e62d8f0844949966a27a18,1,es,-18000,0.5.20,11.4.1,0,"iPhone8,1",5DC6B961-F4E6-4899-B282-DACDBAD2555B,{},2018-08-15 17:41:46,0,0.00,2018-08-15 17:41:46.984288,t,0,,,f,200.93.224.196,EC,,
a11b7ca9-1588-4494-9dff-900d3d54d8d5,APA91bE9rj4P_6vCi6LlbilcF83k2NzcSC2L9U0KH5K320fKf9y5VYLtCccC18FOcwnmbt2X_sscrW1XJWLKMo_zSmISJULPpF6nYS2CX_BXPD5Wrm_RZbAJnCYKDnZ_I_y5fMO8zyvF,177,es,-18000,523,8.0.0,1,SM-G935F,3218d20f-91e8-44c6-afd2-2347de7493ec,{},2018-11-20 19:09:31,188777,0.00,2018-08-01 18:29:38.250545,f,0,,,f,190.154.2.45,EC,,
a8440ca5-af39-4940-83cc-f5845dd27e3f,07b322695041c5e90246f29f368be418ec6e9f4a312b24bf29f923c3e678ebc5,45,es,-18000,0.5.20,12.0,0,"iPhone7,1",791137AB-89E2-4C26-BC7A-F4CB28F334D4,{},2018-10-11 09:18:43,4160,0.00,2018-04-18 15:53:28.405781,f,0,,,f,200.125.245.45,EC,,
af8e2f41-556b-4805-9ed6-c8ecf13ae597,APA91bEX1mcb7KBYMVXmDoT6KzNw7vIKndrxUAm0DXK95Y5WZGx0iHS8P9yV-u10tlTUbVNTvH4eJglc7fwSxRZglazIPO51wbcvGY5ehJ1Rubaq6T5zIFPbVjqt96xYdUtNfkXmfZjD,115,es,-18000,402,8.0.0,1,SM-G570M,b4ade569-eb45-4d3f-9088-020086caaa49,{},2018-11-17 23:55:42,40820,0.00,2018-03-02 13:21:03.043022,f,0,,,f,181.65.75.99,PE,,
b81dd3de-d5bf-45d7-9868-f7832d15ae02,APA91bH5EgeXdltxndhxkPKmPP7Ma5b2Nxsk7Uqw2eq9iI7YZNgHqVLs0k8ES7Ch3kC94q1AkpD_KkJKQTNxk10MGRzyhhLOe2EdHQADVL9Aj1dhLDxF5FS41XzwvBrF7V4bByZYscRV,8,es,-18000,520,8.0.0,1,MHA-L09,24bac097-713d-4ebc-9fba-f796905284a2,{},2018-08-07 14:51:36,263,0.00,2018-03-03 16:27:09.841114,f,0,,,f,132.251.2.237,PE,,
be5f7485-23c7-40a1-a2e7-e2b45dc5dfeb,APA91bF0jgZ1nNxXawKwdpx7gPGxpQ4I2bLUA3yYBEmsEPuLhWt1Q3DFYQmlGX6qqgk-rmwMLmKYr0-MJ8b-0Mt8hgAXZtey7mOIzlBoNqg72Tl6DFEvSKnUrIkoW5huIwq4-jJJ7PVD,211,es,-18000,520,5.1.1,1,D2303,b36e85fe-d57f-4202-9e62-a4a2bf717ecd,{},2018-07-31 11:06:14.626319,17387,0.00,2018-04-18 20:38:05.101917,t,0,,,f,2800:370:c3:3460:bdbe:ae5d:b2f3:8df7,EC,,
bba4411c-c984-4a2a-ae75-cf5845eac255,,107,es,-18000,519,4.4.2,1,GT-I9192,177b8bd0-8044-4cc0-a767-cc0702a31f33,{},2018-06-12 03:45:02.216934,184606,0.00,2018-02-25 21:39:27.633953,t,0,,,f,200.7.247.15,EC,,
bf1660fc-d343-47ba-86f3-7f8818622877,cd9e59e474aba39d01cb8191adc159326dd6d0aa391f904c767562f2beb6e925,15,es,-18000,0.5.20,12.0.1,0,"iPhone8,1",3233676C-5821-4D12-BC03-3FA541EA8B72,{},2018-11-12 00:18:02,549,0.00,2018-06-20 03:13:48.203737,f,0,,,f,190.12.20.6,EC,,
bc2204e4-7087-424b-bcfe-4a838749a528,0384cdf33ae2a89e618ee2559415776129260d6c21551db8e920870db56b2143,158,es,-18000,0.5.20,12.1,0,"iPhone10,5",87C3498E-9609-4C14-8A1A-C606C392F967,{},2018-11-17 00:10:25,17003,0.00,2018-05-07 21:14:22.715229,t,0,,,f,161.132.113.218,PE,,
ba7276cf-96b1-4f5a-a990-419fd8869321,APA91bEtOzSFZgULc-Vseb3zqOoZEN1VaPICaLRm-jswbZ0W9uHCxWVvUCGDWhP-KnZIrceAEuiXUK4FcJiMkjQCcZPYtMtpXIU7rjSXoWMy95YKJolxXO8xYmgOXAuJWRLZRq8vDf4_,61,es,-18000,520,6.0,1,MYA-L03,8c3a5b2c-7442-4d12-b389-e9a3789bc910,{},2018-11-19 18:32:18,21107,0.00,2018-02-20 18:44:42.426435,f,0,,,f,2800:4b0:8001:7e02:1:2:1587:f813,PE,,
bd75b35a-5a1b-4ef3-9baf-ac41f1392a85,APA91bE3qJgEYszum68zE133HZRjvAyK1q0pKs1kZMluf8fCE5GiOPqgK8aicPk0u4x9ml-3Hj_bIW8ojuqGj8dPLliYifptCVNNO76UHZ6tvv_O1THQYol8x5h78X69DbT-vna3JUjf,4,es,-14400,520,7.0,1,SM-G920I,4c35e9a3-5bfc-402d-b3b2-ce1c1f124c02,{},2018-09-02 12:56:18,2142,0.00,2018-03-04 00:23:56.418862,t,0,,,f,8.23.65.114,US,,
bca5bb7d-80df-40bd-9aa4-4d91a4c109a2,APA91bGf3Sf9k9L3JHwTFPEiSmu_uAe5wQXQeus5tT4-Zm7AcGWk0U8t2zIUUKul7Sb0yK_ITh2snv7Ipe6hUL1yKQ9p3fiSQOoG1Ztmi8MeY77QEUQ-WZHmBNNK99sHH4DJQy5yPU6z,15,es,-18000,523,8.0.0,1,SM-G950F,3b3c0524-50e4-45f4-9a5d-ed4cbda09020,{},2018-11-20 20:44:08,442,0.00,2018-02-28 21:57:41.997607,f,0,,,f,132.251.3.213,PE,,
b8f83754-ccbf-4634-ba0d-f46cb2f9ac44,b610fb2fc703a853a1b0e1e045b8f9a0b439c88466d1717a5d11053b64627ce4,78,es,-18000,0.5.23,11.4.1,0,"iPhone7,2",81B80035-EBCC-4D1F-8466-8F452AF1036C,{},2018-11-17 20:35:47,3551,0.00,2018-08-06 17:57:01.941296,f,0,,,f,181.188.201.152,EC,,
bcc496e6-a839-415d-91f2-158832a8ca59,fdd92469262045a5601010f391bd05b14158a486ee4ba770036188d37c704ffb,24,es,-18000,0.5.23,12.1,0,"iPhone8,1",18C07B88-6D5B-4082-8DA1-498058479E05,{},2018-11-12 15:12:04,1155,0.00,2018-10-10 22:11:49.4048,f,0,,,f,200.7.247.7,EC,,
c03050d1-33b9-4ee3-9e6e-b95aa1e1d3ed,68c8bca892e56118d76da8acca8fb17e5da0d08c22f7b89ecf39d06355423957,62,es,-18000,0.4.1,11.4.1,0,"iPhone7,2",D4853D7B-9A96-4C6F-921D-5594BB6BF32F,{},2018-11-01 16:07:47,2957,0.00,2018-02-22 14:55:12.037547,f,0,,,f,2800:200:e6c0:e32:bc8b:42f2:a844:8164,PE,,
c0b9b573-4fd1-4d9e-a525-6d6fc8691f21,08e716bf2f4b0b02f0b99474129598b820a1e03aedf7b9763aea736d4fceb666,15,es,-18000,0.4.1,11.2.6,0,"iPhone9,3",C9ACA4E0-F88D-4F1B-B8EB-A9977B8856BA,{},2018-04-03 19:52:58.967705,1844,0.00,2018-02-19 22:01:00.885253,f,0,,,f,190.113.208.247,PE,,
cb53da0b-9602-4fca-8517-7e380b413062,0e841b2e7714dac28a51025978383d05fdfe00cd818616b213cbf78ef244d4c8,11,es,-18000,0.5.19,11.4.1,0,"iPhone7,2",AC786979-7ED8-4E92-A0D5-A887B63442E8,{},2018-08-30 23:58:53,679,0.00,2018-06-19 16:25:51.312347,f,0,,,f,190.152.83.68,EC,,
c1fb9294-bec0-4e89-a234-f53245b7654a,,1,en,-14400,520,4.4.2,1,SM-G900R7,280f13da-03b5-4b18-802a-259ee07e51e2,{},2018-06-19 19:22:15.561965,0,0.00,2018-02-19 20:26:17.822284,t,0,,,t,66.249.88.156,US,,
c3635fc0-c12b-44d4-819f-bda248d54e9e,,24,es,-18000,520,6.0.1,1,SM-A520F,a2d9a536-ffc7-4e8f-a7f8-ab4edfc74f15,{},2018-06-23 23:17:50.240165,5805,0.00,2018-02-20 18:13:26.523074,t,0,,,f,132.191.3.239,PE,,
c02aa9a3-1d5c-4fea-9c38-988d6bbd4852,APA91bE1evbKRJl90QVFxOWqwKTKJZOrJZMGkr1W_ih02RhM9PrdhTUB3UkztcUqkfuMzrSzxXRsk9UehvRwLnv1efqQnyhUFgcL2uw1a1Su5igOhngKjv-d9fQoupK4pkq3-OVF2ijz,64,es,-18000,523,7.0,1,SM-G925T,fbea686f-ea6c-4d89-ae6d-297077da5193,{},2018-11-20 17:06:43,18291,0.00,2018-03-06 20:48:38.667508,f,0,,,f,181.66.159.60,PE,,
cd47bd05-8699-4f2d-98d4-68f0bd9c937d,APA91bFEpzNp3SfQoPkpZLKQpyFqLDfnr7xcw_nkOQ_gOxnIZgi9ehQ2703C2b1XyDpru4utA96rCeqCCV00dnP8VW8-GdafZWaloFPTpX3t89nPzMP5ruoyvO-rLo_cYtisrB_Eji8n,45,es,-18000,523,8.0.0,1,PRA-LX3,a5921869-c657-4372-b2a2-72fa600413d9,{},2018-11-20 23:19:35,5946,0.00,2018-05-10 23:55:38.429922,f,0,,,f,179.7.57.240,PE,,
ca62d75b-65d2-4889-864f-86ace99d608b,067ffd632be97246a7c26a0801b49d56791b0070f5fd23c69258b96c3edf25ef,204,es,-18000,0.5.23,12.1,0,"iPhone9,2",A4240233-2A98-4F47-BE48-EF6619E082D8,{},2018-11-16 23:01:26,13622,0.00,2018-07-25 21:03:12.204846,f,0,,,f,201.183.151.178,EC,,
d1abe576-40a3-43a4-b942-e7394700ae39,742fd93b777f030daebb0a9abca9f25029fd52af8d67dd8604e0af812f4af09d,14,es,-18000,0.5.3,11.3,0,"iPhone7,2",9799E1A0-0697-44CC-A8FA-509CC18C97FC,{},2018-04-25 16:29:14.949837,2302,0.00,2018-03-20 16:20:24.209763,f,0,,,f,190.113.209.131,PE,,
d375332b-73f1-456c-b5ee-638a31a029d1,,91,es,-18000,505,5.1.1,1,D2303,7ed2a338-4ae9-4cbd-902e-ad9e59c4997b,{},2018-04-13 14:36:33.720995,40639,0.00,2018-02-20 12:15:51.253344,t,0,,,f,181.112.142.166,EC,,
d9511a3e-db05-4c99-b34c-be4ed7bc0e15,47c66969a8b2b1c7096c02340422ac06f93c540927175e4c1ac01bc2a35fe65b,64,en,-18000,0.5.19,12.0.1,0,"iPhone7,2",7E066053-01FC-45C7-A6F3-94A83D04033C,{},2018-11-04 22:09:09,4245,0.00,2018-03-12 19:29:41.842824,f,0,,,f,190.63.238.32,EC,,
de57bfdc-2318-44e4-9f0b-09148d66d660,,2,en,0,517,5.1,1,GI-I9500_TMMARS,,{},2018-05-28 23:16:37.405409,159,0.00,2018-05-28 23:12:58.501173,t,0,,,t,150.70.162.182,JP,,
d134e5f7-3055-4364-98aa-dfe7bd101966,APA91bEFjZf1qhgINsrWo71Aub8PoRbA9MalYg8_bHZSYO9B-rB6-RoLjn75qpJmvFFVO501GsFHElQFsxN2taThS0oFqqbVN37u49kjgTe7QShDzX8TskoeeFEMYNQbsR05poMxh6EB,2,es,-18000,524,5.1,1,LG-X220,3818339e-65a0-4376-8d32-a500e9e494db,{},2018-11-21 19:35:14,540,0.00,2018-11-21 19:21:12.401192,f,0,,,f,132.191.3.33,PE,,
d901e815-5187-44de-b03d-52926dec2204,,2,en,0,509,5.1,1,GI-I9500_TMMARS,,{},2018-04-19 23:27:42.645527,158,0.00,2018-04-19 23:24:02.730398,t,0,,,t,150.70.162.182,JP,,
d36b61a0-ff63-473d-b109-34a17b32f42e,APA91bFRnPhV2uxHZ6e3mh0fRebpzPGZuZwZ_bCX1Ky9pHu4Tx8HlkZj90ttBTUrawxncQNBfPfLUebsbkBcgmCxuEOZYhsyek__XqBLB5uADCYIdVcDOY6_QHl-L7R-5EayfrbyhTra,57,es,-18000,520,6.0.1,1,Moto G Play,27a48301-0f8f-4ba0-9b6a-a2c0b95f575f,{},2018-08-29 20:03:00,128779,0.00,2018-03-05 15:03:25.255746,f,0,,,f,132.191.3.144,PE,,
d9199314-6b48-4665-a4a7-b2afeb23261b,APA91bH4UAobHtG37IE_C0CePKeHG-dB-bj567oLZk1M5YH2DRrmJzdCopqWTqLZ0vbo_f3FOK5F9iS6AlgOQAriKaahWggXr15_Z7WBMyR_V6biCpJQGuPgX40vWfNoZOvFrSVrvhDC,28,es,-18000,520,6.0.1,1,SM-G920I,eb81d476-1999-41f1-8554-59f5288ed6a3,{},2018-07-23 16:55:55.473716,7871,0.00,2018-02-27 21:20:33.197476,t,0,,,f,2800:200:e6d0:1f2:4056:3ae0:3052:692f,PE,,
d16e5903-ff9e-4b24-a797-248f07337e0a,APA91bGOHcm9CbOXBoKfoFhBasQ57G4JknTxbuYfj6WeAzaxBgkmmkQHwuGN4BfqaDpHtMTUMxFQ771ovALjcl9d2HoKtc_QJKXlPsUAdadUvCDbti26_tnX0GNxSHeX_nlc560U0sE7,17,es,-18000,520,7.0,1,PRA-LX3,6bbbd6cd-5f25-46ac-9444-2185ab9e5fda,{},2018-09-17 17:39:01,19083,0.00,2018-03-05 15:41:30.866377,t,0,,,f,161.132.113.218,PE,,
d671cb46-9e96-4ee3-81f3-191e6de68010,APA91bF12ru95YiWPTq8Jb7v-r_6zVqhbzSvyPLNQuhWGTYC-UVN-PAqSaAWPD25-uTnftuaTA3lQwbsEMew-Kn7_3J0Ca8U1v_6fAi404sIzFv6AVxNiCZMbwqEDkZfjztfq4eSb8CT,115,es,-18000,523,8.0.0,1,ANE-LX3,da0bfe15-34f5-475f-b976-0229f7216e8c,{},2018-11-19 23:55:48,20109,0.00,2018-07-13 16:10:57.794637,f,0,,,f,181.175.66.10,EC,,
dfdf8034-d8fd-496a-83e9-9abf5f856a27,APA91bFsi2rPSdMJ6kMqy5OCuQeC_9x7O4UlLoJyCbdiq3KLHMFnPf-rgcZdg2COPS3eiSV0-dYxwy3SzOfDB74lFyZwtMyukl3W9RQUviQ6vUxMs6A5jlL1jt5tandMWJks5tSq5TIp,7,es,-18000,520,6.0,1,MYA-L23,c26f22a7-47fc-4202-8da3-be4858f0f2d6,{},2018-09-04 00:35:39,343,0.00,2018-09-02 21:32:04.608082,t,0,,,f,181.188.201.103,EC,,
d0a35509-0bb0-4a75-ba61-bfd78f6d0097,APA91bHXrKRrJJ-TA3NFc15REyPQwEKbVV51v5NcqlvAizD4FI6HbUlpQTX9UDlgGtSglMKPxXogsOqH1yvuQZP6PCUAYYSpH13m-JDZldWZrglt3r81Dp80mNu7owF4s7Tw0YCtWd5Z,26,es,-18000,520,6.0.1,1,SM-G935F,ee33371c-ca05-4d80-83bd-e99268636b34,{},2018-08-11 03:58:00,26151,0.00,2018-07-13 16:04:26.583839,t,0,,,f,186.101.248.172,EC,,
da35c964-83f3-4225-909f-fad3bbff365f,cacd58b59efd07f99d9b0f4b57efb1b19fc08bf4537f15651a416e2a223d3682,53,es,-18000,0.5.23,12.1,0,"iPhone9,1",60C6CE53-EAD5-4929-977F-01CF1942CF9D,{},2018-11-20 19:19:11,3317,0.00,2018-08-06 17:56:49.210504,f,0,,,f,190.63.119.243,EC,,
d568d296-9163-46c4-a6f1-d7b0624adda1,APA91bFKnmyRyy2fzDkwe_htYBMn1Cb0wO_slaIxpex8vzOAePfkWXntmYGrJr5SbT7XgvIN3WKH4LHtKdr-egp8Tv7O_vuBXp-mRKW0HhPzmlUVuy4M2f25iGeH_FVpFGCb_wOqmiM4,496,es,-18000,524,6.0.1,1,LG-K240,627c0b6d-23cd-4913-8c46-2a79de774f8a,{},2018-11-21 19:24:16,110962,0.00,2018-02-19 20:19:26.437225,f,0,,,f,181.66.237.168,PE,,
dee7fe39-6aff-49f9-8632-41636fb4067d,APA91bEbYQaoJvQcfHq66j56wieDxmXjpzjyrg40nA85sJjiJI5WRJTbsx_E905DuVaAgaJxfTKashAwFcU6gjG3F9rHg0Jr98FE9sWvNcCN6DrvXPkBn1EElpB7jY6ZySMqUAFv6Ztq,2,es,-18000,523,7.0,1,HUAWEI VNS-L23,d69eb196-d17b-44a1-96c6-a0a99eca3e1d,{},2018-11-07 15:21:17,399,0.00,2018-11-07 15:13:17.96507,f,0,,,f,161.132.113.218,PE,,
d7a60d37-d33a-4b6e-a40d-52dff9969107,bbd42e85ced576b295167d1f71a46e94735529c94a7bda0595a8a84e70b4be92,147,es,-18000,0.5.14,12.1,0,"iPhone9,2",F48E47AF-C4FD-46FF-9640-B08447D431A5,{},2018-11-21 16:13:59,10822,0.00,2018-04-03 21:10:38.987559,f,0,,,f,190.63.150.132,EC,,
d7dc1218-069d-42b4-86d5-fe3af23faf3a,a02dd0659ffab60c8dcd65f1f422a97643156132b70a846a7864aedf954601d0,19,es,-18000,0.5.23,12.1,0,"iPhone10,4",0E34FF53-E033-4326-BAFA-BD0E9433737B,{},2018-11-19 17:43:43,955,0.00,2018-11-07 17:24:32.785217,f,0,,,f,200.7.247.9,EC,,
d81b11d2-5fde-486e-9fbd-b064f9af0479,158942157894a5f3a2f4bcd4400e30c53074bd7145e17a437a4d318e44b845ff,192,es,-18000,0.5.19,12.1,0,"iPhone8,1",8A1015B4-5636-4EA0-9290-78FD73CB41F1,{},2018-11-21 11:57:03,13176,0.00,2018-05-28 18:12:14.4772,f,0,,,f,200.7.247.55,EC,,
e31bc0d3-bcb6-49b3-a717-ed7084f241e7,1b1a08a7c85ee9762cae5bfcba41d53b496616e7d0f25bc33f0f58b6781b8e9f,3,es,-18000,0.5.3,11.3.1,0,"iPhone10,4",9AD36024-1D86-4469-A43A-1EEA76BBF236,{},2018-05-14 19:46:50.607125,80,0.00,2018-03-26 16:48:29.080285,f,0,,,f,181.198.15.238,EC,,
ec870309-a57e-4de4-9756-bf74d862552a,ffba9fc34849c5eb23af2ec58b5048ae158565924573244f23aacd595da6b8f4,7,en,-18000,0.5.13,11.3,0,"iPhone7,2",89FC6530-C7AA-4266-9C74-97DACBA0737D,{},2018-05-26 13:52:29.473792,481,0.00,2018-05-04 18:00:25.191502,f,0,,,f,190.63.127.2,EC,,
e8bcb5b1-4c64-4043-95ac-97d8c61713f1,,1,en,-14400,502,4.4.2,1,SM-G900R7,,{},2018-03-14 19:56:49.277459,0,0.00,2018-03-14 19:56:49.267526,t,0,,,t,66.249.88.134,US,,
e762be7f-71b1-4a4a-a585-1f48394c15dc,4f6b3659130557729de578182882c6cecce6de57256bf0c52ede51d301db81b2,64,es,-18000,0.4.1,11.3.1,0,"iPhone6,1",939E7D6E-A829-4AA9-896D-75389DF273E1,{},2018-05-29 03:37:02.306585,10558,0.00,2018-02-23 14:17:30.87312,t,0,,,f,190.234.17.121,PE,,
eced1eed-6365-4043-b173-b9cd04730ca0,0d6dd63fc9eb6d3d737962973f388707595b4fb814e3a090cdaa349b6b51f022,6,es,-18000,0.3.9,10.3.3,0,"iPhone7,2",81499D18-89E5-46D7-A97F-75A775C23E9A,{},2018-02-23 23:35:45.356122,341,0.00,2018-02-19 21:57:48.380858,t,0,,,f,190.113.208.93,PE,,
e26a87b6-5964-42a7-b08b-72e97a1ba649,,2,en,0,515,5.1,1,GI-I9500_TMMARS,,{},2018-05-20 22:18:37.898594,157,0.00,2018-05-20 22:15:02.088742,t,0,,,t,150.70.162.182,JP,,
ef7a924a-ca25-41ac-a0a2-c60b0a9eb771,,7,es,-18000,510,4.2.2,1,HUAWEI P6-U06,OptedOut,{},2018-04-26 23:19:18.904436,3387,0.00,2018-04-23 15:56:34.059639,t,0,,,f,190.236.111.74,PE,,
e057ebfb-0f58-4c1e-bcc7-ec1648a7a3c3,,2,es,-18000,509,8.0.0,1,LDN-LX3,9c0ef908-ca16-4267-b5f5-0eb14d4d5fbb,{},2018-04-21 20:41:44.900875,0,0.00,2018-04-19 16:03:27.670877,t,0,,,f,200.121.156.62,PE,,
ea6ce14a-128b-4062-8903-7417b3c17d25,APA91bE6ZEt3FeMLrXW3Rq995Ul4Ge9AwhLRTQsBQ1WAqOh5SXdWnzv-WxYTWSsqFEMzsbrzvjPhLNn-ihi2F6fhkVGsZcveURZ-BbtrPL-L3K7s_8L3YVybkE7DZkmIKBEkjcNfogTt,65,es,-18000,523,5.0.1,1,ALE-L23,e78b0af8-f545-4c66-a77b-26f24b8c5edd,{},2018-10-17 20:33:00,10892,0.00,2018-03-12 18:26:27.238346,f,0,,,f,200.7.247.128,EC,,
e4af1245-9119-4ae0-bc4a-0777d4622108,,4,en,-18000,0.5.21,11.1,0,x86_64,EFA5B07F-AB9C-48B2-9924-A140D3C29192,{},2018-07-25 21:13:06.875792,0,0.00,2018-03-01 19:46:04.694484,t,0,,,f,190.234.105.169,PE,,
ea122a7c-1c4b-4695-a313-34a6a2ea56d7,ede69be1621aff3ee4d268adbb33fab6c3e785c8c036472e906c6da33bbd7f3d,2,en,-25200,0.5.21,11.4.1,0,"iPad6,11",A967A08D-4290-45AF-9FF5-1BC1C427BFE4,{},2018-08-03 17:18:03,0,0.00,2018-08-03 17:17:32.514394,t,0,,,f,17.200.11.44,US,,
ec2f4589-776b-4b7f-997d-3db0d78a9321,APA91bH-n1OV3Gho8tcVsEnjk8Uq79NHb75bfDsOnd3EUDW4a6KD3irOl5ywYM9DWBEC_ahXTKu6d3WKX5OygfOhJUrygWiWEGpr-c6oDZVgcdVbk3AM6lSUvK0W_NjIW9cjyD8tpq0n,3,es,-18000,523,8.0.0,1,SM-G950F,d2886461-b92c-4884-9c73-43ab66092ea9,{},2018-11-19 18:02:14,60,0.00,2018-10-26 22:22:08.098532,f,0,,,f,186.4.255.4,EC,,
ef3d829e-1f77-4a6a-8a06-4558aa0f7af3,5e0c6a458ab716b09374f3ce533090da8df0c9523a7981317821dd14fb1460d9,47,en,-18000,0.5.23,12.0.1,0,"iPhone8,1",BB1E6A06-B66B-46A9-91D9-12F953670CA9,{},2018-11-09 23:38:32,2616,0.00,2018-02-28 14:54:22.058345,f,0,,,f,190.154.216.32,EC,,
f3028a54-412e-4759-80d3-90681f72d856,APA91bE4GAQ-b77o_-fBtIvkrZpMAxbDtKyAALDhvf1ejUTpd0MRgpV117eUHIZxza4q9Ns89Yti7NmFHScFINnfDGXqLsYBNg8d0-aXBnrEfjEN_Qt2Cnrp7XfU3LpU4e1o3J8jzsMT,93,es,-18000,523,8.0.0,1,SM-G950F,55ecbf89-4f7e-466e-b070-2b6c10267a07,{},2018-11-21 15:04:49,12763,0.00,2018-02-21 21:40:38.002647,f,0,,,f,190.63.1.215,EC,,
f4102764-0215-46b8-8445-d405499797b9,,3,es,-18000,503,7.0,1,SM-G925I,4a6cd9ac-b376-4029-ac83-80b6a780c996,{},2018-04-09 21:04:02.937982,0,0.00,2018-03-15 23:56:48.680887,t,0,,,f,190.63.119.206,EC,,
fdcaef29-0813-4f34-95e4-d2e15ed51216,APA91bED3F53eJHGudfc27FMZFdvLPMrUlZYY-urMbDrw7oIOsCzv12MScv33WcOHPpqJvaDN1N8c6-AXaAXVsflS_ROauJWs46LxFR7ZnlOrp_0mcrJ8Id5CeBBtA7RxGVa9CxQUH2K,9,es,-18000,520,8.0.0,1,F5121,37275a6b-93f4-4b72-910e-4e8e5d0a0234,{},2018-09-27 01:03:34,205,0.00,2018-03-12 19:28:29.995423,f,0,,,f,181.175.220.219,EC,,
fe809bd4-b91d-4e31-b9e5-9a50eab8af6a,1e8d91841a9e2d82b37c589bd3dbcc6ac127f183e89f480f09fe97078fc37026,21,es,-18000,0.5.19,11.3.1,0,"iPhone7,2",B060B2E3-9A76-45A5-B69D-400DADC36CD6,{},2018-08-29 18:05:44,4300,0.00,2018-06-19 16:28:20.595136,f,0,,,f,200.7.247.95,EC,,
f9d35441-7b1b-4ae0-8d81-6a4a4dcd8840,APA91bFCEIbonOVis1QiwtpAhg5Zsj79hzfgNnF4OsuhRo9R-A66igA_h6yzOnuhvyKLRc8Ne0OfagxGrSx-KkMD3dSn2BSmI_EhxkdmeUXF-MNoknHJlLca6F8JgpTQWajP43UtDYH6,175,es,-18000,523,6.0,1,CAM-L03,9795d6b6-02ae-4628-abb7-508ca2da99ec,{},2018-11-20 03:27:25,25960,0.00,2018-02-19 20:12:37.799123,f,0,,,f,179.7.54.148,PE,,
f9b4c537-5beb-4752-82cf-e1d4cc0ede36,9311a24da8b65724cf250eee66395e6ac99b8001a249d26ec34a544b64711c0d,83,es,-18000,0.5.20,12.0.1,0,"iPhone10,4",6B5AED50-90B5-4D51-90D8-9CE21DF40E93,{},2018-11-16 16:38:09,3169,0.00,2018-05-14 21:08:53.063165,f,0,,,f,181.188.201.152,EC,,
f2156098-bbd4-4465-b44e-12c4e4a3ae3c,APA91bH3o4dy5Hux36ep4JmkJTMEeu4DuI_YQoPbLSKkiw9Q5nupO7_W7iLeW8OP0MqHCty1OZ0NlOk368o5mLv2jkDnTwmwhzAYhWGTGZ3GZncDuphXboX1s7_A5I7l9N-KdgmrkiWE,17,es,-18000,520,8.0.0,1,SM-G950F,ca2ffd65-1d71-43ae-973d-4ee570e31d45,{},2018-09-17 18:01:46,1665,0.00,2018-07-13 16:04:45.980736,f,0,,,f,2800:810:461:85b0:748b:208e:de9b:cac,AR,,
ffefd03e-6101-4753-b1e6-62ab9c563ec0,5d664043fb8e053e8c06744432fb4ec6b69804d55ae2e1c5d1a00f6e5985f207,57,es,-18000,0.5.14,11.4.1,0,"iPhone7,2",8237EB70-68FE-4541-B1F1-06EA53BCA583,{},2018-08-28 19:09:39,3687,0.00,2018-05-04 17:56:28.801426,f,0,,,f,2800:bf0:8146:3082:904e:5aab:d682:7df8,EC,,
f68d8bb6-c57c-4472-b1b1-12a04c50ca39,APA91bFs8PIu-aP8yZGmVZDyum12b4VZUbBmnfI0-pRh79k-Rkw4WES13uXXcftWG6DkH0cVQxu9EAcXnCondeb-d8InIMpdXcW_lAj9OxRhHSTolen6Hg8Ws3sTVqT5c6N9tmBPyNkB,31,es,-18000,523,8.0.0,1,FIG-LX3,371fcee9-52f4-4210-bec1-711f7e970cf8,{},2018-11-20 19:31:28,4582,0.00,2018-07-03 19:20:22.550812,f,0,,,f,190.43.8.133,PE,,
